id;nombre;mensaje;fecha;archivo
1;Officer withdrawal Accounts;Cotton Berkshire;2020-03-24T00:48:17;distributed
2;generate;Customizable invoice;2020-03-24T03:05:30;Plastic sky blue
3;EXE;Function-based;2020-03-24T02:55:34;Belarussian Ruble
4;scale;Borders;2020-03-24T04:26:55;transmit wireless killer
5;Unbranded Concrete Chips Buckinghamshire HDD;deposit protocol Incredible Granite Keyboard;2020-03-24T09:20:41;Jewelery website
6;system engine Specialist Investment Account;Malta;2020-03-24T05:25:43;Practical Concrete Sausages
7;partnerships client-driven;Manager;2020-03-24T17:25:27;Bangladesh copying back-end
8;Graphical User Interface hack heuristic;Incredible withdrawal compressing;2020-03-24T06:25:23;ivory Maine
9;Bhutan navigate Computers;Licensed framework bypass;2020-03-24T06:30:09;firewall
10;Alley Tasty;Cambridgeshire Licensed Cheese;2020-03-24T06:27:50;Light
